package	test_name	file	line
ledger	TestLRUBasicAccounts	ledger/lruaccts_test.go	33
ledger	TestLRUAccountsDisable	ledger/lruaccts_test.go	91
ledger	TestLRUAccountsPendingWrites	ledger/lruaccts_test.go	127
ledger	TestLRUAccountsPendingWritesWarning	ledger/lruaccts_test.go	179
ledger	TestLRUAccountsOmittedPendingWrites	ledger/lruaccts_test.go	205
ledger	TestLRUBasicKV	ledger/lrukv_test.go	34
ledger	TestLRUKVDisable	ledger/lrukv_test.go	84
ledger	TestLRUKVPendingWrites	ledger/lrukv_test.go	119
ledger	TestLRUKVPendingWritesWarning	ledger/lrukv_test.go	172
ledger	TestLRUKVOmittedPendingWrites	ledger/lrukv_test.go	197
ledger	TestLRUOnlineAccountsBasic	ledger/lruonlineaccts_test.go	32
ledger	TestLRUOnlineAccountsDisable	ledger/lruonlineaccts_test.go	95
ledger	TestLRUOnlineAccountsPendingWrites	ledger/lruonlineaccts_test.go	131
ledger	TestLRUOnlineAccountsPendingWritesWarning	ledger/lruonlineaccts_test.go	173
ledger	TestLRUOnlineAccountsOmittedPendingWrites	ledger/lruonlineaccts_test.go	199
ledger	TestLRUBasicResources	ledger/lruresources_test.go	34
ledger	TestLRUResourcesDisable	ledger/lruresources_test.go	93
ledger	TestLRUResourcesPendingWrites	ledger/lruresources_test.go	135
ledger	TestLRUResourcesPendingWritesWarning	ledger/lruresources_test.go	190
ledger	TestLRUResourcesOmittedPendingWrites	ledger/lruresources_test.go	217
ledger	TestMetricsReload	ledger/metrics_test.go	34
ledger	TestMarshalUnmarshalCatchpointFileHeader	ledger/msgp_gen_test.go	16
ledger	TestRandomizedEncodingCatchpointFileHeader	ledger/msgp_gen_test.go	37
ledger	TestMarshalUnmarshalCatchpointSnapshotChunkV5	ledger/msgp_gen_test.go	76
ledger	TestRandomizedEncodingCatchpointSnapshotChunkV5	ledger/msgp_gen_test.go	97
ledger	TestMarshalUnmarshalCatchpointSnapshotChunkV6	ledger/msgp_gen_test.go	136
ledger	TestRandomizedEncodingCatchpointSnapshotChunkV6	ledger/msgp_gen_test.go	157
ledger	TestMarshalUnmarshalcatchpointStateProofVerificationContext	ledger/msgp_gen_test.go	196
ledger	TestRandomizedEncodingcatchpointStateProofVerificationContext	ledger/msgp_gen_test.go	217
ledger	TestOnlineAccountsCacheBasic	ledger/onlineaccountscache_test.go	33
ledger	TestOnlineAccountsCachePruneOffline	ledger/onlineaccountscache_test.go	98
ledger	TestOnlineAccountsCacheMaxEntries	ledger/onlineaccountscache_test.go	132
ledger	TestOnlineAccountsCacheSizeBiggerThanStateProofTopVoters	ledger/onlineaccountscache_test.go	194
ledger	TestOnlineTopHeap_Less	ledger/onlinetopheap_test.go	30
ledger	TestOnlineTopHeap_Swap	ledger/onlinetopheap_test.go	59
ledger	TestOnlineTopHeap_Push	ledger/onlinetopheap_test.go	88
ledger	TestOnlineTopHeap_Pop	ledger/onlinetopheap_test.go	119
ledger	TestStateProofVerificationTracker_StateProofsDisabled	ledger/spverificationtracker_test.go	176
ledger	TestStateProofVerificationTracker_StateProofsNotStuck	ledger/spverificationtracker_test.go	196
ledger	TestStateProofVerificationTracker_CommitFUllDbFlush	ledger/spverificationtracker_test.go	219
ledger	TestStateProofVerificationTracker_CommitPartialDbFlush	ledger/spverificationtracker_test.go	238
ledger	TestStateProofVerificationTracker_CommitNoDbFlush	ledger/spverificationtracker_test.go	262
ledger	TestStateProofVerificationTracker_CommitFullDbPruning	ledger/spverificationtracker_test.go	279
ledger	TestStateProofVerificationTracker_CommitPartialDbPruning	ledger/spverificationtracker_test.go	306
ledger	TestStateProofVerificationTracker_CommitNoDbPruning	ledger/spverificationtracker_test.go	332
ledger	TestStateProofVerificationTracker_StateProofIntervalChange	ledger/spverificationtracker_test.go	365
ledger	TestStateProofVerificationTracker_LookupVerificationContext	ledger/spverificationtracker_test.go	409
ledger	TestStateProofVerificationTracker_PanicInvalidBlockInsertion	ledger/spverificationtracker_test.go	453
ledger	TestStateProofVerificationTracker_lastLookupContextUpdatedAfterLookup	ledger/spverificationtracker_test.go	469
ledger/store/blockdb	TestBlockDBEmpty	ledger/store/blockdb/blockdb_test.go	113
ledger/store/blockdb	TestBlockDBInit	ledger/store/blockdb/blockdb_test.go	129
ledger/store/blockdb	TestBlockDBAppend	ledger/store/blockdb/blockdb_test.go	151
ledger/store/trackerdb/generickv	TestMarshalUnmarshalcreatableEntry	ledger/store/trackerdb/generickv/msgp_gen_test.go	16
ledger/store/trackerdb/generickv	TestRandomizedEncodingcreatableEntry	ledger/store/trackerdb/generickv/msgp_gen_test.go	37
ledger/store/trackerdb/sqlitedriver	TestRowidsToChunkedArgs	ledger/store/trackerdb/sqlitedriver/accountsV2_test.go	27
ledger/store/trackerdb/sqlitedriver	TestCatchpointFirstStageInfoTable	ledger/store/trackerdb/sqlitedriver/catchpoint_test.go	34
ledger/store/trackerdb/sqlitedriver	TestUnfinishedCatchpointsTable	ledger/store/trackerdb/sqlitedriver/catchpoint_test.go	82
ledger/store/trackerdb/sqlitedriver	TestAccountsReencoding	ledger/store/trackerdb/sqlitedriver/schema_test.go	42
ledger/store/trackerdb/sqlitedriver	TestAccountDBTxTailLoad	ledger/store/trackerdb/sqlitedriver/schema_test.go	130
ledger/store/trackerdb/sqlitedriver	TestRemoveStrayStateProofID	ledger/store/trackerdb/sqlitedriver/schema_test.go	170
ledger/store/trackerdb/sqlitedriver	TestKeyPrefixIntervalPreprocessing	ledger/store/trackerdb/sqlitedriver/sql_test.go	34
ledger/store/trackerdb/sqlitedriver	TestAccountsDbQueriesCreateClose	ledger/store/trackerdb/sqlitedriver/sql_test.go	67
ledger/store/trackerdb/sqlitedriver	TestWrapIOError	ledger/store/trackerdb/sqlitedriver/sql_test.go	91
ledger/store/trackerdb/testsuite	TestDualEngines	ledger/store/trackerdb/testsuite/dual_test.go	26
ledger/store/trackerdb/testsuite	TestMockDB	ledger/store/trackerdb/testsuite/mockdb_test.go	25
ledger/store/trackerdb/testsuite	TestPebbleDB	ledger/store/trackerdb/testsuite/pebbledb_test.go	30
ledger/store/trackerdb/testsuite	TestSqliteDB	ledger/store/trackerdb/testsuite/sqlitedb_test.go	30
ledger/testing	TestReleasedVersion	ledger/testing/consensusRange_test.go	32
ledger/testing	TestAccounts	ledger/testing/randomAccounts_test.go	30
ledger	TestTrackerScheduleCommit	ledger/tracker_test.go	51
ledger	TestTrackers_DbRoundDataRace	ledger/tracker_test.go	265
ledger	TestTrackers_CommitRoundIOError	ledger/tracker_test.go	352
ledger	TestTrackers_BusyCommitting	ledger/tracker_test.go	400
ledger	TestTrackers_InitializeMaxAccountDeltas	ledger/tracker_test.go	454
ledger	TestTrackers_IsBehindCommittingDeltas	ledger/tracker_test.go	484
ledger	TestTrackers_AccountUpdatesLedgerEvaluatorNoBlockHdr	ledger/tracker_test.go	511
ledger	TestTxTailCheckdup	ledger/txtail_test.go	40
ledger	TestTxTailLoadFromDisk	ledger/txtail_test.go	211
ledger	TestTxTailDeltaTracking	ledger/txtail_test.go	259
ledger	TestTxTailCheckConfirmed	ledger/txtail_test.go	343
ledger	TestVoterTrackerDeleteVotersAfterStateproofConfirmed	ledger/voters_test.go	101
ledger	TestLimitVoterTracker	ledger/voters_test.go	155
ledger	TestTopNAccountsThatHaveNoMssKeys	ledger/voters_test.go	241
ledger	TestLatestCompletedVotersUpToWithError	ledger/voters_test.go	290
